<Actor type="Paddle" resource="actors\paddle.xml">

	<TransformComponent>
		<RelativePosition x="0.1" y="0.5" z="0"/>
		<YawPitchRoll x="0" y="0" z="0"/>
	</TransformComponent>


    <BitmapRenderComponent>
        <Texture>data\paddle.dds</Texture>
		<Size x="10" y="200" z="0"/>
    </BitmapRenderComponent>
	
	<BaseScriptComponent>
        <ScriptObject constructor="AddActor" destructor="RemoveActor" />
        <ScriptData actorType="Paddle" />
    </BaseScriptComponent>
</Actor>
